HVAC,Light,Appliance,Misc.,Outdoor equipment
890094.013,8479.405204,333360.8297,127641.5031,31755.105
893020.0278,8479.405204,333360.8297,127641.5031,31755.105
895446.7773,8479.405204,333360.8297,127641.5031,31755.105
897852.5665,8479.405204,333360.8297,127641.5031,31755.105
900234.1389,8479.405204,333360.8297,127641.5031,31755.105
902823.4869,8479.405204,333360.8297,127641.5031,31755.105
905441.652,8479.405204,333360.8297,127641.5031,31755.105
907903.0265,8479.405204,333360.8297,127641.5031,31755.105
910425.4305,8479.405204,333360.8297,127641.5031,31755.105
912953.01,8479.405204,333360.8297,127641.5031,31755.105
915660.5915,8479.405204,333360.8297,127641.5031,31755.105
918325.6802,8479.405204,333360.8297,127641.5031,31755.105
921032.8004,8479.405204,333360.8297,127641.5031,31755.105
923889.8867,8479.405204,333360.8297,127641.5031,31755.105
926835.8293,8479.405204,333360.8297,127641.5031,31755.105
929744.1857,8479.405204,333360.8297,127641.5031,31755.105
932653.3247,8479.405204,333360.8297,127641.5031,31755.105
935577.0726,8479.405204,333360.8297,127641.5031,31755.105
938449.7441,8479.405204,333360.8297,127641.5031,31755.105
941364.6355,8479.405204,333360.8297,127641.5031,31755.105
944261.2313,8479.405204,333360.8297,127641.5031,31755.105
947155.169,8479.405204,333360.8297,127641.5031,31755.105
950046.6586,8479.405204,333360.8297,127641.5031,31755.105
952895.4449,8479.405204,333360.8297,127641.5031,31755.105
955725.5041,8479.405204,333360.8297,127641.5031,31755.105
958577.0687,8479.405204,333360.8297,127641.5031,31755.105
961636.0772,8479.405204,333360.8297,127641.5031,31755.105
964693.028,8479.405204,333360.8297,127641.5031,31755.105
967748.6321,8479.405204,333360.8297,127641.5031,31755.105
970753.7436,8479.405204,333360.8297,127641.5031,31755.105
973699.9787,8479.405204,333360.8297,127641.5031,31755.105
976643.1638,8479.405204,333360.8297,127641.5031,31755.105
979624.7715,8479.405204,333360.8297,127641.5031,31755.105
982887.4261,8479.405204,333360.8297,127641.5031,31755.105
986147.6681,8479.405204,333360.8297,127641.5031,31755.105
989311.538,8479.405204,333360.8297,127641.5031,31755.105
992459.6351,8479.405204,333360.8297,127641.5031,31755.105
995604.7268,8479.405204,333360.8297,127641.5031,31755.105
998669.8454,8479.405204,333360.8297,127641.5031,31755.105
1001914.036,8479.405204,333360.8297,127641.5031,31755.105
1005137.652,8479.405204,333360.8297,127641.5031,31755.105
1008329.287,8479.405204,333360.8297,127641.5031,31755.105
1011495.254,8479.405204,333360.8297,127641.5031,31755.105
1014662.772,8479.405204,333360.8297,127641.5031,31755.105
1018037.148,8479.405204,333360.8297,127641.5031,31755.105
1021634.128,8479.405204,333360.8297,127641.5031,31755.105
1025226.712,8479.405204,333360.8297,127641.5031,31755.105
1028816.379,8479.405204,333360.8297,127641.5031,31755.105
1032403.716,8479.405204,333360.8297,127641.5031,31755.105
1035987.361,8479.405204,333360.8297,127641.5031,31755.105
1039568.228,8479.405204,333360.8297,127641.5031,31755.105
1043187.474,8479.405204,333360.8297,127641.5031,31755.105
1046697.058,8479.405204,333360.8297,127641.5031,31755.105
1050298.159,8479.405204,333360.8297,127641.5031,31755.105
1053860.763,8479.405204,333360.8297,127641.5031,31755.105
1057425.951,8479.405204,333360.8297,127641.5031,31755.105
1060988.491,8479.405204,333360.8297,127641.5031,31755.105
1064547.199,8479.405204,333360.8297,127641.5031,31755.105
1068103.256,8479.405204,333360.8297,127641.5031,31755.105
1071674.191,8479.405204,333360.8297,127641.5031,31755.105
1076383.188,8479.405204,317371.0831,110509.8258,31755.105
1075671.574,8479.405204,317371.0831,110509.8258,31755.105
1074751.507,8479.405204,317371.0831,110509.8258,31755.105
1073827.149,8479.405204,317371.0831,110509.8258,31755.105
1072891.159,8479.405204,317371.0831,110509.8258,31755.105
1071943.288,8479.405204,317371.0831,110509.8258,31755.105
1070985.511,8479.405204,317371.0831,110509.8258,31755.105
1070020.844,8479.405204,317371.0831,110509.8258,31755.105
1069008.257,8479.405204,317371.0831,110509.8258,31755.105
1068140.045,8479.405204,317371.0831,110509.8258,31755.105
1067019.535,8479.405204,317371.0831,110509.8258,31755.105
1066127.666,8479.405204,317371.0831,110509.8258,31755.105
1065084.521,8479.405204,317371.0831,110509.8258,31755.105
1064079.922,8479.405204,317371.0831,110509.8258,31755.105
1063064.615,8479.405204,317371.0831,110509.8258,31755.105
1062045.9,8479.405204,317371.0831,110509.8258,31755.105
1061021.494,8479.405204,317371.0831,110509.8258,31755.105
1059990.981,8479.405204,317371.0831,110509.8258,31755.105
1058956.672,8479.405204,317371.0831,110509.8258,31755.105
1057919.191,8479.405204,317371.0831,110509.8258,31755.105
1056878.764,8479.405204,317371.0831,110509.8258,31755.105
1055831.58,8479.405204,317371.0831,110509.8258,31755.105
1054779.94,8479.405204,317371.0831,110509.8258,31755.105
1053725.489,8479.405204,317371.0831,110509.8258,31755.105
1052668.379,8479.405204,317371.0831,110509.8258,31755.105
1051606.847,8479.405204,317371.0831,110509.8258,31755.105
1050540.11,8479.405204,317371.0831,110509.8258,31755.105
1049468.464,8479.405204,317371.0831,110509.8258,31755.105
1048394.971,8479.405204,317371.0831,110509.8258,31755.105
1047318.037,8479.405204,317371.0831,110509.8258,31755.105
1046238.177,8479.405204,317371.0831,110509.8258,31755.105
1045111.369,8479.405204,317371.0831,110509.8258,31755.105
1044130.889,8479.405204,317371.0831,110509.8258,31755.105
1042902.152,8479.405204,317371.0831,110509.8258,31755.105
1041910.641,8479.405204,317371.0831,110509.8258,31755.105
1040776.971,8479.405204,317371.0831,110509.8258,31755.105
1039683.676,8479.405204,317371.0831,110509.8258,31755.105
1038579.825,8479.405204,317371.0831,110509.8258,31755.105
1037473.185,8479.405204,317371.0831,110509.8258,31755.105
1036357.349,8479.405204,317371.0831,110509.8258,31755.105
1035013.06,8479.405204,317371.0831,110509.8258,31755.105
1033915.826,8479.405204,317371.0831,110509.8258,31755.105
1032790.797,8479.405204,317371.0831,110509.8258,31755.105
1031662.416,8479.405204,317371.0831,110509.8258,31755.105
1030532.088,8479.405204,317371.0831,110509.8258,31755.105
1029398.972,8479.405204,317371.0831,110509.8258,31755.105
1028262.146,8479.405204,317371.0831,110509.8258,31755.105
1027122.856,8479.405204,317371.0831,110509.8258,31755.105
1025981.707,8479.405204,317371.0831,110509.8258,31755.105
1024837.768,8479.405204,317371.0831,110509.8258,31755.105
1023691.611,8479.405204,317371.0831,110509.8258,31755.105
1022542.38,8479.405204,317371.0831,110509.8258,31755.105
1021390.699,8479.405204,317371.0831,110509.8258,31755.105
1020236.402,8479.405204,317371.0831,110509.8258,31755.105
1019080.015,8479.405204,317371.0831,110509.8258,31755.105
1017921.735,8479.405204,317371.0831,110509.8258,31755.105
1016760.484,8479.405204,317371.0831,110509.8258,31755.105
1015596.443,8479.405204,317371.0831,110509.8258,31755.105
1014501.366,8479.405204,317371.0831,110509.8258,31755.105
1013401.729,8479.405204,317371.0831,110509.8258,31755.105
1016847.892,8479.405204,315217.5819,95510.04991,31755.105
1017557.851,8479.405204,315217.5819,95510.04991,31755.105
1018198.232,8479.405204,315217.5819,95510.04991,31755.105
1018834.635,8479.405204,315217.5819,95510.04991,31755.105
1019467.174,8479.405204,315217.5819,95510.04991,31755.105
1020096.535,8479.405204,315217.5819,95510.04991,31755.105
1020723.461,8479.405204,315217.5819,95510.04991,31755.105
1021348.706,8479.405204,315217.5819,95510.04991,31755.105
1021972.994,8479.405204,315217.5819,95510.04991,31755.105
1022596.164,8479.405204,315217.5819,95510.04991,31755.105
1023218.52,8479.405204,315217.5819,95510.04991,31755.105
1023839.759,8479.405204,315217.5819,95510.04991,31755.105
1024460.434,8479.405204,315217.5819,95510.04991,31755.105
1025073.162,8479.405204,315217.5819,95510.04991,31755.105
1025696.266,8479.405204,315217.5819,95510.04991,31755.105
1026311.156,8479.405204,315217.5819,95510.04991,31755.105
1026925.901,8479.405204,315217.5819,95510.04991,31755.105
1027542.454,8479.405204,315217.5819,95510.04991,31755.105
1028158.965,8479.405204,315217.5819,95510.04991,31755.105
1028775.456,8479.405204,315217.5819,95510.04991,31755.105
1029391.912,8479.405204,315217.5819,95510.04991,31755.105
1030007.802,8479.405204,315217.5819,95510.04991,31755.105
1030623.375,8479.405204,315217.5819,95510.04991,31755.105
1031238.898,8479.405204,315217.5819,95510.04991,31755.105
1031820.481,8479.405204,315217.5819,95510.04991,31755.105
1032411.383,8479.405204,315217.5819,95510.04991,31755.105
1033015.216,8479.405204,315217.5819,95510.04991,31755.105
1033621.828,8479.405204,315217.5819,95510.04991,31755.105
1034229.595,8479.405204,315217.5819,95510.04991,31755.105
1035081.833,8479.405204,315217.5819,95510.04991,31755.105
1035662.62,8479.405204,315217.5819,95510.04991,31755.105
1036269.492,8479.405204,315217.5819,95510.04991,31755.105
1036876.432,8479.405204,315217.5819,95510.04991,31755.105
1037483.466,8479.405204,315217.5819,95510.04991,31755.105
1038090.562,8479.405204,315217.5819,95510.04991,31755.105
1038697.647,8479.405204,315217.5819,95510.04991,31755.105
1039344.231,8479.405204,315217.5819,95510.04991,31755.105
1039973.829,8479.405204,315217.5819,95510.04991,31755.105
1040588.425,8479.405204,315217.5819,95510.04991,31755.105
1041201.481,8479.405204,315217.5819,95510.04991,31755.105
1041855.523,8479.405204,315217.5819,95510.04991,31755.105
1042361.676,8479.405204,315217.5819,95510.04991,31755.105
1043109.075,8479.405204,315217.5819,95510.04991,31755.105
1043621.796,8479.405204,315217.5819,95510.04991,31755.105
1044267.241,8479.405204,315217.5819,95510.04991,31755.105
1044867.003,8479.405204,315217.5819,95510.04991,31755.105
1045463.328,8479.405204,315217.5819,95510.04991,31755.105
1046060.157,8479.405204,315217.5819,95510.04991,31755.105
1046663.652,8479.405204,315217.5819,95510.04991,31755.105
1047257.135,8479.405204,315217.5819,95510.04991,31755.105
1047857.855,8479.405204,315217.5819,95510.04991,31755.105
1048457.416,8479.405204,315217.5819,95510.04991,31755.105
1049054.35,8479.405204,315217.5819,95510.04991,31755.105
1049650.826,8479.405204,315217.5819,95510.04991,31755.105
1050247.082,8479.405204,315217.5819,95510.04991,31755.105
1050843.123,8479.405204,315217.5819,95510.04991,31755.105
1051430.704,8479.405204,315217.5819,95510.04991,31755.105
1052131.962,8479.405204,315217.5819,95510.04991,31755.105
1052724.951,8479.405204,315217.5819,95510.04991,31755.105
1053383.106,8479.405204,315217.5819,95510.04991,31755.105
1055456.068,8479.405204,312633.3804,87435.24008,31755.105
1055113.975,8479.405204,312633.3804,87435.24008,31755.105
1054737.33,8479.405204,312633.3804,87435.24008,31755.105
1054358.304,8479.405204,312633.3804,87435.24008,31755.105
1053976.294,8479.405204,312633.3804,87435.24008,31755.105
1053591.176,8479.405204,312633.3804,87435.24008,31755.105
1053203.234,8479.405204,312633.3804,87435.24008,31755.105
1052813.312,8479.405204,312633.3804,87435.24008,31755.105
1052422.03,8479.405204,312633.3804,87435.24008,31755.105
1052028.715,8479.405204,312633.3804,87435.24008,31755.105
1051583.406,8479.405204,312633.3804,87435.24008,31755.105
1051195.131,8479.405204,312633.3804,87435.24008,31755.105
1050799.275,8479.405204,312633.3804,87435.24008,31755.105
1050401.087,8479.405204,312633.3804,87435.24008,31755.105
1050001.536,8479.405204,312633.3804,87435.24008,31755.105
1049601.031,8479.405204,312633.3804,87435.24008,31755.105
1049209.992,8479.405204,312633.3804,87435.24008,31755.105
1048821.065,8479.405204,312633.3804,87435.24008,31755.105
1048435.028,8479.405204,312633.3804,87435.24008,31755.105
1048057.91,8479.405204,312633.3804,87435.24008,31755.105
1047659.974,8479.405204,312633.3804,87435.24008,31755.105
1047281.697,8479.405204,312633.3804,87435.24008,31755.105
1046846.141,8479.405204,312633.3804,87435.24008,31755.105
1046562.9,8479.405204,312633.3804,87435.24008,31755.105
1046035.216,8479.405204,312633.3804,87435.24008,31755.105
1045744.503,8479.405204,312633.3804,87435.24008,31755.105
1045313.471,8479.405204,312633.3804,87435.24008,31755.105
1044925.403,8479.405204,312633.3804,87435.24008,31755.105
1044530.372,8479.405204,312633.3804,87435.24008,31755.105
1044133.917,8479.405204,312633.3804,87435.24008,31755.105
1043736.667,8479.405204,312633.3804,87435.24008,31755.105
1043338.141,8479.405204,312633.3804,87435.24008,31755.105
1042938.819,8479.405204,312633.3804,87435.24008,31755.105
1042538.272,8479.405204,312633.3804,87435.24008,31755.105
1042136.892,8479.405204,312633.3804,87435.24008,31755.105
1041735.022,8479.405204,312633.3804,87435.24008,31755.105
1041332.063,8479.405204,312633.3804,87435.24008,31755.105
1040927.622,8479.405204,312633.3804,87435.24008,31755.105
1040522.415,8479.405204,312633.3804,87435.24008,31755.105
1040116.801,8479.405204,312633.3804,87435.24008,31755.105
1039710.71,8479.405204,312633.3804,87435.24008,31755.105
1039302.866,8479.405204,312633.3804,87435.24008,31755.105
1038894.09,8479.405204,312633.3804,87435.24008,31755.105
1038479.11,8479.405204,312633.3804,87435.24008,31755.105
1038063.41,8479.405204,312633.3804,87435.24008,31755.105
1037646.699,8479.405204,312633.3804,87435.24008,31755.105
1037228.635,8479.405204,312633.3804,87435.24008,31755.105
1036809.925,8479.405204,312633.3804,87435.24008,31755.105
1036390.882,8479.405204,312633.3804,87435.24008,31755.105
1035970.696,8479.405204,312633.3804,87435.24008,31755.105
1035549.879,8479.405204,312633.3804,87435.24008,31755.105
1035128.132,8479.405204,312633.3804,87435.24008,31755.105
1034705.773,8479.405204,312633.3804,87435.24008,31755.105
1034282.327,8479.405204,312633.3804,87435.24008,31755.105
1033858.311,8479.405204,312633.3804,87435.24008,31755.105
1033433.92,8479.405204,312633.3804,87435.24008,31755.105
1033008.649,8479.405204,312633.3804,87435.24008,31755.105
1032582.122,8479.405204,312633.3804,87435.24008,31755.105
1032154.975,8479.405204,312633.3804,87435.24008,31755.105
1031727.51,8479.405204,312633.3804,87435.24008,31755.105
1027957.111,25438.21561,305796.014,98562.31616,32625.315
1025954.423,25438.21561,305796.014,98562.31616,32625.315
1024178.368,25438.21561,305796.014,98562.31616,32625.315
1022424.58,25438.21561,305796.014,98562.31616,32625.315
1020683.5,25438.21561,305796.014,98562.31616,32625.315
1018951.17,25438.21561,305796.014,98562.31616,32625.315
1017224.216,25438.21561,305796.014,98562.31616,32625.315
1015503.518,25438.21561,305796.014,98562.31616,32625.315
1013785.433,25438.21561,305796.014,98562.31616,32625.315
1012069.73,25438.21561,305796.014,98562.31616,32625.315
1010356.403,25438.21561,305796.014,98562.31616,32625.315
1008645.022,25438.21561,305796.014,98562.31616,32625.315
1007044.181,25438.21561,305796.014,98562.31616,32625.315
1005450.821,25438.21561,305796.014,98562.31616,32625.315
1003858.548,25438.21561,305796.014,98562.31616,32625.315
1002267.133,25438.21561,305796.014,98562.31616,32625.315
1000676.505,25438.21561,305796.014,98562.31616,32625.315
999059.7048,25438.21561,305796.014,98562.31616,32625.315
997442.498,25438.21561,305796.014,98562.31616,32625.315
995826.4842,25438.21561,305796.014,98562.31616,32625.315
994323.0568,25438.21561,305796.014,98562.31616,32625.315
992877.6896,25438.21561,305796.014,98562.31616,32625.315
991432.6621,25438.21561,305796.014,98562.31616,32625.315
989987.9968,25438.21561,305796.014,98562.31616,32625.315
988543.6588,25438.21561,305796.014,98562.31616,32625.315
987210.7699,25438.21561,305796.014,98562.31616,32625.315
985893.7402,25438.21561,305796.014,98562.31616,32625.315
984570.6627,25438.21561,305796.014,98562.31616,32625.315
983248.3172,25438.21561,305796.014,98562.31616,32625.315
981925.9256,25438.21561,305796.014,98562.31616,32625.315
980596.6115,25438.21561,305796.014,98562.31616,32625.315
979221.3508,25438.21561,305796.014,98562.31616,32625.315
977845.0726,25438.21561,305796.014,98562.31616,32625.315
976469.283,25438.21561,305796.014,98562.31616,32625.315
975093.4211,25438.21561,305796.014,98562.31616,32625.315
973717.7024,25438.21561,305796.014,98562.31616,32625.315
972341.9959,25438.21561,305796.014,98562.31616,32625.315
970965.9546,25438.21561,305796.014,98562.31616,32625.315
969589.8865,25438.21561,305796.014,98562.31616,32625.315
968213.9101,25438.21561,305796.014,98562.31616,32625.315
966817.8965,25438.21561,305796.014,98562.31616,32625.315
965471.962,25438.21561,305796.014,98562.31616,32625.315
964311.8319,25438.21561,305796.014,98562.31616,32625.315
962920.304,25438.21561,305796.014,98562.31616,32625.315
961547.7157,25438.21561,305796.014,98562.31616,32625.315
960176.4962,25438.21561,305796.014,98562.31616,32625.315
958804.9448,25438.21561,305796.014,98562.31616,32625.315
957433.2024,25438.21561,305796.014,98562.31616,32625.315
956061.3296,25438.21561,305796.014,98562.31616,32625.315
954688.7534,25438.21561,305796.014,98562.31616,32625.315
953315.8312,25438.21561,305796.014,98562.31616,32625.315
951942.4801,25438.21561,305796.014,98562.31616,32625.315
950568.8026,25438.21561,305796.014,98562.31616,32625.315
949194.3751,25438.21561,305796.014,98562.31616,32625.315
947866.8558,25438.21561,305796.014,98562.31616,32625.315
946600.1561,25438.21561,305796.014,98562.31616,32625.315
945348.5339,25438.21561,305796.014,98562.31616,32625.315
944083.0161,25438.21561,305796.014,98562.31616,32625.315
942821.0712,25438.21561,305796.014,98562.31616,32625.315
941531.6735,25438.21561,305796.014,98562.31616,32625.315
932911.2404,52996.28253,325985.088,115034.5915,34039.40625
932233.9023,52996.28253,325985.088,115034.5915,34039.40625
931963.5553,52996.28253,325985.088,115034.5915,34039.40625
931727.4423,52996.28253,325985.088,115034.5915,34039.40625
931516.2398,52996.28253,325985.088,115034.5915,34039.40625
931326.5608,52996.28253,325985.088,115034.5915,34039.40625
931150.6134,52996.28253,325985.088,115034.5915,34039.40625
930984.8691,52996.28253,325985.088,115034.5915,34039.40625
930825.9336,52996.28253,325985.088,115034.5915,34039.40625
930674.3531,52996.28253,325985.088,115034.5915,34039.40625
930528.4837,52996.28253,325985.088,115034.5915,34039.40625
930388.1691,52996.28253,325985.088,115034.5915,34039.40625
930251.7295,52996.28253,325985.088,115034.5915,34039.40625
930120.0779,52996.28253,325985.088,115034.5915,34039.40625
929991.7382,52996.28253,325985.088,115034.5915,34039.40625
929865.739,52996.28253,325985.088,115034.5915,34039.40625
929743.3361,52996.28253,325985.088,115034.5915,34039.40625
929624.7137,52996.28253,325985.088,115034.5915,34039.40625
929508.3468,52996.28253,325985.088,115034.5915,34039.40625
929393.7175,52996.28253,325985.088,115034.5915,34039.40625
929280.6319,52996.28253,325985.088,115034.5915,34039.40625
929171.0913,52996.28253,325985.088,115034.5915,34039.40625
929063.7428,52996.28253,325985.088,115034.5915,34039.40625
928957.6501,52996.28253,325985.088,115034.5915,34039.40625
928851.9014,52996.28253,325985.088,115034.5915,34039.40625
928619.4859,52996.28253,325985.088,115034.5915,34039.40625
928295.8128,52996.28253,325985.088,115034.5915,34039.40625
927973.3666,52996.28253,325985.088,115034.5915,34039.40625
927651.7422,52996.28253,325985.088,115034.5915,34039.40625
927331.431,52996.28253,325985.088,115034.5915,34039.40625
927011.9901,52996.28253,325985.088,115034.5915,34039.40625
926748.676,52996.28253,325985.088,115034.5915,34039.40625
926645.5227,52996.28253,325985.088,115034.5915,34039.40625
926553.5814,52996.28253,325985.088,115034.5915,34039.40625
926462.4469,52996.28253,325985.088,115034.5915,34039.40625
926371.9159,52996.28253,325985.088,115034.5915,34039.40625
926282.6598,52996.28253,325985.088,115034.5915,34039.40625
926194.5095,52996.28253,325985.088,115034.5915,34039.40625
926107.0034,52996.28253,325985.088,115034.5915,34039.40625
926020.0095,52996.28253,325985.088,115034.5915,34039.40625
925933.535,52996.28253,325985.088,115034.5915,34039.40625
925848.2423,52996.28253,325985.088,115034.5915,34039.40625
925763.6769,52996.28253,325985.088,115034.5915,34039.40625
925679.5846,52996.28253,325985.088,115034.5915,34039.40625
925595.9319,52996.28253,325985.088,115034.5915,34039.40625
925512.6757,52996.28253,325985.088,115034.5915,34039.40625
925430.308,52996.28253,325985.088,115034.5915,34039.40625
925348.527,52996.28253,325985.088,115034.5915,34039.40625
925267.1194,52996.28253,325985.088,115034.5915,34039.40625
925185.9666,52996.28253,325985.088,115034.5915,34039.40625
925105.131,52996.28253,325985.088,115034.5915,34039.40625
925025.0083,52996.28253,325985.088,115034.5915,34039.40625
924945.3825,52996.28253,325985.088,115034.5915,34039.40625
924865.856,52996.28253,325985.088,115034.5915,34039.40625
924786.5615,52996.28253,325985.088,115034.5915,34039.40625
924707.5901,52996.28253,325985.088,115034.5915,34039.40625
924629.2058,52996.28253,325985.088,115034.5915,34039.40625
924550.8912,52996.28253,325985.088,115034.5915,34039.40625
924472.7568,52996.28253,325985.088,115034.5915,34039.40625
924394.9083,52996.28253,325985.088,115034.5915,34039.40625
912949.992,59355.83643,356187.9426,176850.957,3045.735
911940.0764,59355.83643,356187.9426,176850.957,3045.735
911100.917,59355.83643,356187.9426,176850.957,3045.735
910350.814,59355.83643,356187.9426,176850.957,3045.735
909607.2224,59355.83643,356187.9426,176850.957,3045.735
908877.5111,59355.83643,356187.9426,176850.957,3045.735
908142.949,59355.83643,356187.9426,176850.957,3045.735
907408.9907,59355.83643,356187.9426,176850.957,3045.735
906688.3858,59355.83643,356187.9426,176850.957,3045.735
906035.9723,59355.83643,356187.9426,176850.957,3045.735
905389.8079,59355.83643,356187.9426,176850.957,3045.735
904744.1274,59355.83643,356187.9426,176850.957,3045.735
904101.3583,59355.83643,356187.9426,176850.957,3045.735
903460.8829,59355.83643,356187.9426,176850.957,3045.735
902822.1073,59355.83643,356187.9426,176850.957,3045.735
902184.5681,59355.83643,356187.9426,176850.957,3045.735
901542.5222,59355.83643,356187.9426,176850.957,3045.735
900889.8999,59355.83643,356187.9426,176850.957,3045.735
900238.1062,59355.83643,356187.9426,176850.957,3045.735
899587.2753,59355.83643,356187.9426,176850.957,3045.735
898937.1603,59355.83643,356187.9426,176850.957,3045.735
898288.3332,59355.83643,356187.9426,176850.957,3045.735
897640.4003,59355.83643,356187.9426,176850.957,3045.735
896993.0143,59355.83643,356187.9426,176850.957,3045.735
896346.1295,59355.83643,356187.9426,176850.957,3045.735
895699.8045,59355.83643,356187.9426,176850.957,3045.735
895054.2774,59355.83643,356187.9426,176850.957,3045.735
894409.2529,59355.83643,356187.9426,176850.957,3045.735
893764.6187,59355.83643,356187.9426,176850.957,3045.735
893120.2918,59355.83643,356187.9426,176850.957,3045.735
892476.2685,59355.83643,356187.9426,176850.957,3045.735
891832.7933,59355.83643,356187.9426,176850.957,3045.735
891189.6792,59355.83643,356187.9426,176850.957,3045.735
890546.7152,59355.83643,356187.9426,176850.957,3045.735
889900.2182,59355.83643,356187.9426,176850.957,3045.735
889248.8023,59355.83643,356187.9426,176850.957,3045.735
888607.3201,59355.83643,356187.9426,176850.957,3045.735
887965.2674,59355.83643,356187.9426,176850.957,3045.735
887292.595,59355.83643,356187.9426,176850.957,3045.735
886586.0119,59355.83643,356187.9426,176850.957,3045.735
885659.0089,59355.83643,356187.9426,176850.957,3045.735
884838.3155,59355.83643,356187.9426,176850.957,3045.735
883953.1674,59355.83643,356187.9426,176850.957,3045.735
883095.3218,59355.83643,356187.9426,176850.957,3045.735
882233.9791,59355.83643,356187.9426,176850.957,3045.735
881374.3856,59355.83643,356187.9426,176850.957,3045.735
880650.8563,59355.83643,356187.9426,176850.957,3045.735
879997.8979,59355.83643,356187.9426,176850.957,3045.735
879358.8176,59355.83643,356187.9426,176850.957,3045.735
878718.5545,59355.83643,356187.9426,176850.957,3045.735
878071.9722,59355.83643,356187.9426,176850.957,3045.735
877369.4899,59355.83643,356187.9426,176850.957,3045.735
876729.6148,59355.83643,356187.9426,176850.957,3045.735
876088.504,59355.83643,356187.9426,176850.957,3045.735
875412.3712,59355.83643,356187.9426,176850.957,3045.735
874695.0215,59355.83643,356187.9426,176850.957,3045.735
874031.2893,59355.83643,356187.9426,176850.957,3045.735
873349.2996,59355.83643,356187.9426,176850.957,3045.735
872706.5427,59355.83643,356187.9426,176850.957,3045.735
872064.0405,59355.83643,356187.9426,176850.957,3045.735
871882.7346,52996.28253,370239.5381,265005.6889,2719.40625
871573.0018,52996.28253,370239.5381,265005.6889,2719.40625
871447.7374,52996.28253,370239.5381,265005.6889,2719.40625
871335.6934,52996.28253,370239.5381,265005.6889,2719.40625
871234.4616,52996.28253,370239.5381,265005.6889,2719.40625
871142.0146,52996.28253,370239.5381,265005.6889,2719.40625
871055.2011,52996.28253,370239.5381,265005.6889,2719.40625
870972.7025,52996.28253,370239.5381,265005.6889,2719.40625
870893.1874,52996.28253,370239.5381,265005.6889,2719.40625
870817.3005,52996.28253,370239.5381,265005.6889,2719.40625
870743.1439,52996.28253,370239.5381,265005.6889,2719.40625
870671.9404,52996.28253,370239.5381,265005.6889,2719.40625
870602.4259,52996.28253,370239.5381,265005.6889,2719.40625
870534.7766,52996.28253,370239.5381,265005.6889,2719.40625
870468.6287,52996.28253,370239.5381,265005.6889,2719.40625
870403.6079,52996.28253,370239.5381,265005.6889,2719.40625
870340.1595,52996.28253,370239.5381,265005.6889,2719.40625
870278.3041,52996.28253,370239.5381,265005.6889,2719.40625
870217.4971,52996.28253,370239.5381,265005.6889,2719.40625
870157.5706,52996.28253,370239.5381,265005.6889,2719.40625
870098.4318,52996.28253,370239.5381,265005.6889,2719.40625
870040.7103,52996.28253,370239.5381,265005.6889,2719.40625
869983.9834,52996.28253,370239.5381,265005.6889,2719.40625
869927.913,52996.28253,370239.5381,265005.6889,2719.40625
869872.4331,52996.28253,370239.5381,265005.6889,2719.40625
867110.1064,52996.28253,370239.5381,265005.6889,2719.40625
866684.2185,52996.28253,370239.5381,265005.6889,2719.40625
866606.1016,52996.28253,370239.5381,265005.6889,2719.40625
866479.1551,52996.28253,370239.5381,265005.6889,2719.40625
866342.4549,52996.28253,370239.5381,265005.6889,2719.40625
866030.9726,52996.28253,370239.5381,265005.6889,2719.40625
865677.8885,52996.28253,370239.5381,265005.6889,2719.40625
865254.6265,52996.28253,370239.5381,265005.6889,2719.40625
864680.5392,52996.28253,370239.5381,265005.6889,2719.40625
864067.9339,52996.28253,370239.5381,265005.6889,2719.40625
863451.5095,52996.28253,370239.5381,265005.6889,2719.40625
862869.4386,52996.28253,370239.5381,265005.6889,2719.40625
862287.0222,52996.28253,370239.5381,265005.6889,2719.40625
861668.2266,52996.28253,370239.5381,265005.6889,2719.40625
861132.9854,52996.28253,370239.5381,265005.6889,2719.40625
860733.0065,52996.28253,370239.5381,265005.6889,2719.40625
860332.8131,52996.28253,370239.5381,265005.6889,2719.40625
859949.5279,52996.28253,370239.5381,265005.6889,2719.40625
859548.2773,52996.28253,370239.5381,265005.6889,2719.40625
859167.855,52996.28253,370239.5381,265005.6889,2719.40625
858764.5427,52996.28253,370239.5381,265005.6889,2719.40625
858359.8117,52996.28253,370239.5381,265005.6889,2719.40625
857968.6129,52996.28253,370239.5381,265005.6889,2719.40625
857576.793,52996.28253,370239.5381,265005.6889,2719.40625
857149.6686,52996.28253,370239.5381,265005.6889,2719.40625
856789.1057,52996.28253,370239.5381,265005.6889,2719.40625
856315.7503,52996.28253,370239.5381,265005.6889,2719.40625
855980.2466,52996.28253,370239.5381,265005.6889,2719.40625
855515.9793,52996.28253,370239.5381,265005.6889,2719.40625
855148.6529,52996.28253,370239.5381,265005.6889,2719.40625
854723.0505,52996.28253,370239.5381,265005.6889,2719.40625
854313.9978,52996.28253,370239.5381,265005.6889,2719.40625
853894.2158,52996.28253,370239.5381,265005.6889,2719.40625
853494.9269,52996.28253,370239.5381,265005.6889,2719.40625
853169.4785,52996.28253,370239.5381,265005.6889,2719.40625
884071.3604,23318.36431,333360.8297,337512.8706,1196.53875
883973.2396,23318.36431,333360.8297,337512.8706,1196.53875
883606.5566,23318.36431,333360.8297,337512.8706,1196.53875
883232.0109,23318.36431,333360.8297,337512.8706,1196.53875
882842.2496,23318.36431,333360.8297,337512.8706,1196.53875
882439.7174,23318.36431,333360.8297,337512.8706,1196.53875
882029.1028,23318.36431,333360.8297,337512.8706,1196.53875
881612.7903,23318.36431,333360.8297,337512.8706,1196.53875
881192.71,23318.36431,333360.8297,337512.8706,1196.53875
880767.6171,23318.36431,333360.8297,337512.8706,1196.53875
880338.9745,23318.36431,333360.8297,337512.8706,1196.53875
879906.8518,23318.36431,333360.8297,337512.8706,1196.53875
879472.4432,23318.36431,333360.8297,337512.8706,1196.53875
879034.3614,23318.36431,333360.8297,337512.8706,1196.53875
878594.0447,23318.36431,333360.8297,337512.8706,1196.53875
878152.4488,23318.36431,333360.8297,337512.8706,1196.53875
877708.434,23318.36431,333360.8297,337512.8706,1196.53875
877261.1355,23318.36431,333360.8297,337512.8706,1196.53875
876812.2396,23318.36431,333360.8297,337512.8706,1196.53875
876362.3236,23318.36431,333360.8297,337512.8706,1196.53875
875909.6401,23318.36431,333360.8297,337512.8706,1196.53875
875457.5432,23318.36431,333360.8297,337512.8706,1196.53875
874983.3025,23318.36431,333360.8297,337512.8706,1196.53875
874349.0684,23318.36431,333360.8297,337512.8706,1196.53875
873672.9725,23318.36431,333360.8297,337512.8706,1196.53875
872996.947,23318.36431,333360.8297,337512.8706,1196.53875
872295.8554,23318.36431,333360.8297,337512.8706,1196.53875
871666.2477,23318.36431,333360.8297,337512.8706,1196.53875
870919.5624,23318.36431,333360.8297,337512.8706,1196.53875
870300.7171,23318.36431,333360.8297,337512.8706,1196.53875
869498.072,23318.36431,333360.8297,337512.8706,1196.53875
868717.1136,23318.36431,333360.8297,337512.8706,1196.53875
867927.2749,23318.36431,333360.8297,337512.8706,1196.53875
867133.0258,23318.36431,333360.8297,337512.8706,1196.53875
866335.538,23318.36431,333360.8297,337512.8706,1196.53875
865541.2417,23318.36431,333360.8297,337512.8706,1196.53875
864743.8015,23318.36431,333360.8297,337512.8706,1196.53875
863939.0861,23318.36431,333360.8297,337512.8706,1196.53875
863129.5165,23318.36431,333360.8297,337512.8706,1196.53875
862322.2389,23318.36431,333360.8297,337512.8706,1196.53875
861511.6368,23318.36431,333360.8297,337512.8706,1196.53875
860696.1947,23318.36431,333360.8297,337512.8706,1196.53875
859882.1002,23318.36431,333360.8297,337512.8706,1196.53875
859063.6571,23318.36431,333360.8297,337512.8706,1196.53875
858249.4281,23318.36431,333360.8297,337512.8706,1196.53875
857428.6098,23318.36431,333360.8297,337512.8706,1196.53875
856605.1111,23318.36431,333360.8297,337512.8706,1196.53875
855780.8466,23318.36431,333360.8297,337512.8706,1196.53875
854956.6837,23318.36431,333360.8297,337512.8706,1196.53875
854130.2691,23318.36431,333360.8297,337512.8706,1196.53875
853303.1301,23318.36431,333360.8297,337512.8706,1196.53875
852474.4401,23318.36431,333360.8297,337512.8706,1196.53875
851645.1128,23318.36431,333360.8297,337512.8706,1196.53875
850813.8364,23318.36431,333360.8297,337512.8706,1196.53875
849982.0345,23318.36431,333360.8297,337512.8706,1196.53875
849150.3386,23318.36431,333360.8297,337512.8706,1196.53875
848317.2534,23318.36431,333360.8297,337512.8706,1196.53875
847481.8645,23318.36431,333360.8297,337512.8706,1196.53875
846649.7164,23318.36431,333360.8297,337512.8706,1196.53875
845851.1592,23318.36431,333360.8297,337512.8706,1196.53875
856197.2895,15898.88476,303319.4876,398488.4944,815.821875
855136.0422,15898.88476,303319.4876,398488.4944,815.821875
853937.594,15898.88476,303319.4876,398488.4944,815.821875
852747.0838,15898.88476,303319.4876,398488.4944,815.821875
851549.1178,15898.88476,303319.4876,398488.4944,815.821875
850344.7138,15898.88476,303319.4876,398488.4944,815.821875
849135.7858,15898.88476,303319.4876,398488.4944,815.821875
847924.3708,15898.88476,303319.4876,398488.4944,815.821875
846711.8108,15898.88476,303319.4876,398488.4944,815.821875
845496.2447,15898.88476,303319.4876,398488.4944,815.821875
844278.9977,15898.88476,303319.4876,398488.4944,815.821875
843059.6336,15898.88476,303319.4876,398488.4944,815.821875
841839.3579,15898.88476,303319.4876,398488.4944,815.821875
840456.6132,15898.88476,303319.4876,398488.4944,815.821875
839036.1376,15898.88476,303319.4876,398488.4944,815.821875
837592.6672,15898.88476,303319.4876,398488.4944,815.821875
836147.9859,15898.88476,303319.4876,398488.4944,815.821875
834700.5027,15898.88476,303319.4876,398488.4944,815.821875
833252.3413,15898.88476,303319.4876,398488.4944,815.821875
831804.2421,15898.88476,303319.4876,398488.4944,815.821875
830378.9265,15898.88476,303319.4876,398488.4944,815.821875
829115.2791,15898.88476,303319.4876,398488.4944,815.821875
827883.2435,15898.88476,303319.4876,398488.4944,815.821875
826631.836,15898.88476,303319.4876,398488.4944,815.821875
825429.899,15898.88476,303319.4876,398488.4944,815.821875
824181.7537,15898.88476,303319.4876,398488.4944,815.821875
822949.7153,15898.88476,303319.4876,398488.4944,815.821875
821688.0456,15898.88476,303319.4876,398488.4944,815.821875
820492.3677,15898.88476,303319.4876,398488.4944,815.821875
819235.9592,15898.88476,303319.4876,398488.4944,815.821875
818110.0061,15898.88476,303319.4876,398488.4944,815.821875
817481.77,15898.88476,303319.4876,398488.4944,815.821875
816810.4022,15898.88476,303319.4876,398488.4944,815.821875
816120.3069,15898.88476,303319.4876,398488.4944,815.821875
815450.2526,15898.88476,303319.4876,398488.4944,815.821875
814745.8454,15898.88476,303319.4876,398488.4944,815.821875
814104.0499,15898.88476,303319.4876,398488.4944,815.821875
813415.7992,15898.88476,303319.4876,398488.4944,815.821875
812748.4392,15898.88476,303319.4876,398488.4944,815.821875
812069.9421,15898.88476,303319.4876,398488.4944,815.821875
811404.9162,15898.88476,303319.4876,398488.4944,815.821875
810734.064,15898.88476,303319.4876,398488.4944,815.821875
810058.6133,15898.88476,303319.4876,398488.4944,815.821875
809394.0506,15898.88476,303319.4876,398488.4944,815.821875
808723.6852,15898.88476,303319.4876,398488.4944,815.821875
808060.3181,15898.88476,303319.4876,398488.4944,815.821875
807397.9069,15898.88476,303319.4876,398488.4944,815.821875
806735.41,15898.88476,303319.4876,398488.4944,815.821875
806072.3693,15898.88476,303319.4876,398488.4944,815.821875
805409.4458,15898.88476,303319.4876,398488.4944,815.821875
804746.2169,15898.88476,303319.4876,398488.4944,815.821875
804091.1525,15898.88476,303319.4876,398488.4944,815.821875
803428.4165,15898.88476,303319.4876,398488.4944,815.821875
802770.5452,15898.88476,303319.4876,398488.4944,815.821875
802115.1051,15898.88476,303319.4876,398488.4944,815.821875
801463.3533,15898.88476,303319.4876,398488.4944,815.821875
800795.732,15898.88476,303319.4876,398488.4944,815.821875
800141.4437,15898.88476,303319.4876,398488.4944,815.821875
799473.4591,15898.88476,303319.4876,398488.4944,815.821875
798821.9968,15898.88476,303319.4876,398488.4944,815.821875
798874.4838,15898.88476,307357.3024,403592.7524,815.821875
797699.1546,15898.88476,307357.3024,403592.7524,815.821875
796510.7402,15898.88476,307357.3024,403592.7524,815.821875
795327.3455,15898.88476,307357.3024,403592.7524,815.821875
794146.5828,15898.88476,307357.3024,403592.7524,815.821875
792969.895,15898.88476,307357.3024,403592.7524,815.821875
791790.3131,15898.88476,307357.3024,403592.7524,815.821875
790591.9468,15898.88476,307357.3024,403592.7524,815.821875
789246.698,15898.88476,307357.3024,403592.7524,815.821875
787858.8454,15898.88476,307357.3024,403592.7524,815.821875
786477.6439,15898.88476,307357.3024,403592.7524,815.821875
785079.4044,15898.88476,307357.3024,403592.7524,815.821875
783675.9466,15898.88476,307357.3024,403592.7524,815.821875
782281.8948,15898.88476,307357.3024,403592.7524,815.821875
780923.5723,15898.88476,307357.3024,403592.7524,815.821875
779726.8876,15898.88476,307357.3024,403592.7524,815.821875
778537.8819,15898.88476,307357.3024,403592.7524,815.821875
777355.0885,15898.88476,307357.3024,403592.7524,815.821875
776182.2205,15898.88476,307357.3024,403592.7524,815.821875
775005.2658,15898.88476,307357.3024,403592.7524,815.821875
773827.9325,15898.88476,307357.3024,403592.7524,815.821875
772653.3328,15898.88476,307357.3024,403592.7524,815.821875
771469.0955,15898.88476,307357.3024,403592.7524,815.821875
770292.0446,15898.88476,307357.3024,403592.7524,815.821875
769110.209,15898.88476,307357.3024,403592.7524,815.821875
767932.4665,15898.88476,307357.3024,403592.7524,815.821875
766745.0644,15898.88476,307357.3024,403592.7524,815.821875
765558.5744,15898.88476,307357.3024,403592.7524,815.821875
764376.1633,15898.88476,307357.3024,403592.7524,815.821875
763540.5626,15898.88476,307357.3024,403592.7524,815.821875
762127.2623,15898.88476,307357.3024,403592.7524,815.821875
760719.7082,15898.88476,307357.3024,403592.7524,815.821875
759307.2974,15898.88476,307357.3024,403592.7524,815.821875
757898.4526,15898.88476,307357.3024,403592.7524,815.821875
756482.4528,15898.88476,307357.3024,403592.7524,815.821875
755065.6877,15898.88476,307357.3024,403592.7524,815.821875
753647.4344,15898.88476,307357.3024,403592.7524,815.821875
752226.7726,15898.88476,307357.3024,403592.7524,815.821875
750808.7439,15898.88476,307357.3024,403592.7524,815.821875
749387.4654,15898.88476,307357.3024,403592.7524,815.821875
747966.1907,15898.88476,307357.3024,403592.7524,815.821875
746542.1789,15898.88476,307357.3024,403592.7524,815.821875
745117.4238,15898.88476,307357.3024,403592.7524,815.821875
743692.9832,15898.88476,307357.3024,403592.7524,815.821875
742259.2839,15898.88476,307357.3024,403592.7524,815.821875
740834.0899,15898.88476,307357.3024,403592.7524,815.821875
739407.6239,15898.88476,307357.3024,403592.7524,815.821875
737978.6856,15898.88476,307357.3024,403592.7524,815.821875
736553.0848,15898.88476,307357.3024,403592.7524,815.821875
735126.3194,15898.88476,307357.3024,403592.7524,815.821875
733699.6138,15898.88476,307357.3024,403592.7524,815.821875
732272.5879,15898.88476,307357.3024,403592.7524,815.821875
730845.8233,15898.88476,307357.3024,403592.7524,815.821875
729418.1973,15898.88476,307357.3024,403592.7524,815.821875
727989.6717,15898.88476,307357.3024,403592.7524,815.821875
726568.8758,15898.88476,307357.3024,403592.7524,815.821875
725142.3493,15898.88476,307357.3024,403592.7524,815.821875
723717.3926,15898.88476,307357.3024,403592.7524,815.821875
722227.4422,15898.88476,307357.3024,403592.7524,815.821875
720809.1661,15898.88476,307357.3024,403592.7524,815.821875
720181.6987,15898.88476,307411.1399,415769.2377,815.821875
719502.4636,15898.88476,307411.1399,415769.2377,815.821875
719044.9579,15898.88476,307411.1399,415769.2377,815.821875
718370.0369,15898.88476,307411.1399,415769.2377,815.821875
717910.0851,15898.88476,307411.1399,415769.2377,815.821875
717236.6663,15898.88476,307411.1399,415769.2377,815.821875
716665.8771,15898.88476,307411.1399,415769.2377,815.821875
716096.3363,15898.88476,307411.1399,415769.2377,815.821875
715260.2271,15898.88476,307411.1399,415769.2377,815.821875
714630.006,15898.88476,307411.1399,415769.2377,815.821875
713557.285,15898.88476,307411.1399,415769.2377,815.821875
712923.8353,15898.88476,307411.1399,415769.2377,815.821875
712000.5105,15898.88476,307411.1399,415769.2377,815.821875
711295.2127,15898.88476,307411.1399,415769.2377,815.821875
710459.0884,15898.88476,307411.1399,415769.2377,815.821875
709846.8513,15898.88476,307411.1399,415769.2377,815.821875
709277.1586,15898.88476,307411.1399,415769.2377,815.821875
708706.6993,15898.88476,307411.1399,415769.2377,815.821875
708077.3613,15898.88476,307411.1399,415769.2377,815.821875
707563.6535,15898.88476,307411.1399,415769.2377,815.821875
706936.7265,15898.88476,307411.1399,415769.2377,815.821875
706364.574,15898.88476,307411.1399,415769.2377,815.821875
705721.7009,15898.88476,307411.1399,415769.2377,815.821875
705140.4616,15898.88476,307411.1399,415769.2377,815.821875
704578.5796,15898.88476,307411.1399,415769.2377,815.821875
703995.6505,15898.88476,307411.1399,415769.2377,815.821875
703353.8097,15898.88476,307411.1399,415769.2377,815.821875
702777.9141,15898.88476,307411.1399,415769.2377,815.821875
702203.1835,15898.88476,307411.1399,415769.2377,815.821875
701627.1467,15898.88476,307411.1399,415769.2377,815.821875
701220.5315,15898.88476,307411.1399,415769.2377,815.821875
700741.6937,15898.88476,307411.1399,415769.2377,815.821875
700524.9573,15898.88476,307411.1399,415769.2377,815.821875
700038.556,15898.88476,307411.1399,415769.2377,815.821875
699825.8989,15898.88476,307411.1399,415769.2377,815.821875
699344.4652,15898.88476,307411.1399,415769.2377,815.821875
699134.1097,15898.88476,307411.1399,415769.2377,815.821875
698657.6925,15898.88476,307411.1399,415769.2377,815.821875
698449.5609,15898.88476,307411.1399,415769.2377,815.821875
697976.9457,15898.88476,307411.1399,415769.2377,815.821875
697769.2651,15898.88476,307411.1399,415769.2377,815.821875
697300.3959,15898.88476,307411.1399,415769.2377,815.821875
696960.7261,15898.88476,307411.1399,415769.2377,815.821875
696626.1781,15898.88476,307411.1399,415769.2377,815.821875
696378.0698,15898.88476,307411.1399,415769.2377,815.821875
696031.0063,15898.88476,307411.1399,415769.2377,815.821875
695693.5093,15898.88476,307411.1399,415769.2377,815.821875
695359.749,15898.88476,307411.1399,415769.2377,815.821875
695027.7542,15898.88476,307411.1399,415769.2377,815.821875
694696.8229,15898.88476,307411.1399,415769.2377,815.821875
694366.7321,15898.88476,307411.1399,415769.2377,815.821875
694037.5503,15898.88476,307411.1399,415769.2377,815.821875
693709.0185,15898.88476,307411.1399,415769.2377,815.821875
693381.5741,15898.88476,307411.1399,415769.2377,815.821875
693055.1486,15898.88476,307411.1399,415769.2377,815.821875
692714.6776,15898.88476,307411.1399,415769.2377,815.821875
692311.5941,15898.88476,307411.1399,415769.2377,815.821875
691916.5413,15898.88476,307411.1399,415769.2377,815.821875
691522.6074,15898.88476,307411.1399,415769.2377,815.821875
691128.3325,15898.88476,307411.1399,415769.2377,815.821875
689959.8152,15898.88476,304450.0758,408610.6858,815.821875
689594.7701,15898.88476,304450.0758,408610.6858,815.821875
689204.9065,15898.88476,304450.0758,408610.6858,815.821875
688813.2901,15898.88476,304450.0758,408610.6858,815.821875
688420.4178,15898.88476,304450.0758,408610.6858,815.821875
688025.953,15898.88476,304450.0758,408610.6858,815.821875
687630.4046,15898.88476,304450.0758,408610.6858,815.821875
687234.4141,15898.88476,304450.0758,408610.6858,815.821875
686838.328,15898.88476,304450.0758,408610.6858,815.821875
686441.4182,15898.88476,304450.0758,408610.6858,815.821875
686044.2161,15898.88476,304450.0758,408610.6858,815.821875
685646.6249,15898.88476,304450.0758,408610.6858,815.821875
685249.0086,15898.88476,304450.0758,408610.6858,815.821875
684850.7035,15898.88476,304450.0758,408610.6858,815.821875
684452.2961,15898.88476,304450.0758,408610.6858,815.821875
684054.1399,15898.88476,304450.0758,408610.6858,815.821875
683655.7255,15898.88476,304450.0758,408610.6858,815.821875
683247.1693,15898.88476,304450.0758,408610.6858,815.821875
682685.2367,15898.88476,304450.0758,408610.6858,815.821875
682069.483,15898.88476,304450.0758,408610.6858,815.821875
681453.7949,15898.88476,304450.0758,408610.6858,815.821875
680836.3832,15898.88476,304450.0758,408610.6858,815.821875
679644.9372,15898.88476,304450.0758,408610.6858,815.821875
679358.2931,15898.88476,304450.0758,408610.6858,815.821875
678789.0021,15898.88476,304450.0758,408610.6858,815.821875
678372.6655,15898.88476,304450.0758,408610.6858,815.821875
677966.2987,15898.88476,304450.0758,408610.6858,815.821875
677560.471,15898.88476,304450.0758,408610.6858,815.821875
677155.567,15898.88476,304450.0758,408610.6858,815.821875
676750.8014,15898.88476,304450.0758,408610.6858,815.821875
677102.564,15898.88476,304450.0758,408610.6858,815.821875
677142.7075,15898.88476,304450.0758,408610.6858,815.821875
677065.583,15898.88476,304450.0758,408610.6858,815.821875
676805.8067,15898.88476,304450.0758,408610.6858,815.821875
676604.1607,15898.88476,304450.0758,408610.6858,815.821875
676424.2889,15898.88476,304450.0758,408610.6858,815.821875
676254.8336,15898.88476,304450.0758,408610.6858,815.821875
676092.1252,15898.88476,304450.0758,408610.6858,815.821875
675934.2409,15898.88476,304450.0758,408610.6858,815.821875
675780.4549,15898.88476,304450.0758,408610.6858,815.821875
675630.7272,15898.88476,304450.0758,408610.6858,815.821875
675485.7803,15898.88476,304450.0758,408610.6858,815.821875
675345.1416,15898.88476,304450.0758,408610.6858,815.821875
675208.7183,15898.88476,304450.0758,408610.6858,815.821875
675076.5865,15898.88476,304450.0758,408610.6858,815.821875
674949.1183,15898.88476,304450.0758,408610.6858,815.821875
674826.8239,15898.88476,304450.0758,408610.6858,815.821875
674709.551,15898.88476,304450.0758,408610.6858,815.821875
674597.6849,15898.88476,304450.0758,408610.6858,815.821875
674491.345,15898.88476,304450.0758,408610.6858,815.821875
674390.7327,15898.88476,304450.0758,408610.6858,815.821875
674296.5635,15898.88476,304450.0758,408610.6858,815.821875
674209.1626,15898.88476,304450.0758,408610.6858,815.821875
674129.1096,15898.88476,304450.0758,408610.6858,815.821875
674056.9261,15898.88476,304450.0758,408610.6858,815.821875
673993.4657,15898.88476,304450.0758,408610.6858,815.821875
673846.0027,15898.88476,304450.0758,408610.6858,815.821875
673859.9503,15898.88476,304450.0758,408610.6858,815.821875
673856.1169,15898.88476,304450.0758,408610.6858,815.821875
673871.4283,15898.88476,304450.0758,408610.6858,815.821875
677312.8574,15898.88476,310426.0417,374272.4442,815.821875
679803.4736,15898.88476,310426.0417,374272.4442,815.821875
682487.0245,15898.88476,310426.0417,374272.4442,815.821875
685291.8865,15898.88476,310426.0417,374272.4442,815.821875
687713.0272,15898.88476,310426.0417,374272.4442,815.821875
690529.3757,15898.88476,310426.0417,374272.4442,815.821875
693032.7776,15898.88476,310426.0417,374272.4442,815.821875
695723.0454,15898.88476,310426.0417,374272.4442,815.821875
698550.505,15898.88476,310426.0417,374272.4442,815.821875
701151.2155,15898.88476,310426.0417,374272.4442,815.821875
703627.018,15898.88476,310426.0417,374272.4442,815.821875
706739.899,15898.88476,310426.0417,374272.4442,815.821875
709325.735,15898.88476,310426.0417,374272.4442,815.821875
712027.5992,15898.88476,310426.0417,374272.4442,815.821875
714640.0663,15898.88476,310426.0417,374272.4442,815.821875
717590.2462,15898.88476,310426.0417,374272.4442,815.821875
720398.9683,15898.88476,310426.0417,374272.4442,815.821875
723118.1383,15898.88476,310426.0417,374272.4442,815.821875
725894.9335,15898.88476,310426.0417,374272.4442,815.821875
728645.6055,15898.88476,310426.0417,374272.4442,815.821875
731554.8528,15898.88476,310426.0417,374272.4442,815.821875
734350.5521,15898.88476,310426.0417,374272.4442,815.821875
737178.6034,15898.88476,310426.0417,374272.4442,815.821875
740023.3013,15898.88476,310426.0417,374272.4442,815.821875
742878.7701,15898.88476,310426.0417,374272.4442,815.821875
745746.7957,15898.88476,310426.0417,374272.4442,815.821875
748624.3206,15898.88476,310426.0417,374272.4442,815.821875
751510.3444,15898.88476,310426.0417,374272.4442,815.821875
754405.0226,15898.88476,310426.0417,374272.4442,815.821875
756157.3766,15898.88476,310426.0417,374272.4442,815.821875
760369.3797,15898.88476,310426.0417,374272.4442,815.821875
763141.0384,15898.88476,310426.0417,374272.4442,815.821875
766224.3188,15898.88476,310426.0417,374272.4442,815.821875
769859.9024,15898.88476,310426.0417,374272.4442,815.821875
772681.0156,15898.88476,310426.0417,374272.4442,815.821875
775789.0698,15898.88476,310426.0417,374272.4442,815.821875
779503.6627,15898.88476,310426.0417,374272.4442,815.821875
782483.0033,15898.88476,310426.0417,374272.4442,815.821875
785350.8005,15898.88476,310426.0417,374272.4442,815.821875
788886.8042,15898.88476,310426.0417,374272.4442,815.821875
791409.1114,15898.88476,310426.0417,374272.4442,815.821875
794324.1434,15898.88476,310426.0417,374272.4442,815.821875
797923.6517,15898.88476,310426.0417,374272.4442,815.821875
800489.6374,15898.88476,310426.0417,374272.4442,815.821875
803584.4848,15898.88476,310426.0417,374272.4442,815.821875
807543.0001,15898.88476,310426.0417,374272.4442,815.821875
810365.3992,15898.88476,310426.0417,374272.4442,815.821875
813551.4918,15898.88476,310426.0417,374272.4442,815.821875
817289.4193,15898.88476,310426.0417,374272.4442,815.821875
820244.0159,15898.88476,310426.0417,374272.4442,815.821875
823676.795,15898.88476,310426.0417,374272.4442,815.821875
827300.8336,15898.88476,310426.0417,374272.4442,815.821875
830322.7734,15898.88476,310426.0417,374272.4442,815.821875
833906.1787,15898.88476,310426.0417,374272.4442,815.821875
837601.6091,15898.88476,310426.0417,374272.4442,815.821875
840605.1684,15898.88476,310426.0417,374272.4442,815.821875
844442.6372,15898.88476,310426.0417,374272.4442,815.821875
847514.9618,15898.88476,310426.0417,374272.4442,815.821875
851376.7638,15898.88476,310426.0417,374272.4442,815.821875
854438.6379,15898.88476,310426.0417,374272.4442,815.821875
855969.0862,15898.88476,320493.6599,345545.1319,815.821875
856653.793,15898.88476,320493.6599,345545.1319,815.821875
857332.0543,15898.88476,320493.6599,345545.1319,815.821875
858012.889,15898.88476,320493.6599,345545.1319,815.821875
858694.5026,15898.88476,320493.6599,345545.1319,815.821875
859376.5358,15898.88476,320493.6599,345545.1319,815.821875
860058.583,15898.88476,320493.6599,345545.1319,815.821875
860740.2565,15898.88476,320493.6599,345545.1319,815.821875
861421.3671,15898.88476,320493.6599,345545.1319,815.821875
862102.3123,15898.88476,320493.6599,345545.1319,815.821875
862782.7922,15898.88476,320493.6599,345545.1319,815.821875
863462.6781,15898.88476,320493.6599,345545.1319,815.821875
864141.7832,15898.88476,320493.6599,345545.1319,815.821875
864820.6524,15898.88476,320493.6599,345545.1319,815.821875
865498.856,15898.88476,320493.6599,345545.1319,815.821875
866176.1207,15898.88476,320493.6599,345545.1319,815.821875
866852.6365,15898.88476,320493.6599,345545.1319,815.821875
867528.8342,15898.88476,320493.6599,345545.1319,815.821875
868204.2456,15898.88476,320493.6599,345545.1319,815.821875
868878.7291,15898.88476,320493.6599,345545.1319,815.821875
869552.212,15898.88476,320493.6599,345545.1319,815.821875
870225.3146,15898.88476,320493.6599,345545.1319,815.821875
870897.6889,15898.88476,320493.6599,345545.1319,815.821875
871569.0138,15898.88476,320493.6599,345545.1319,815.821875
872239.2225,15898.88476,320493.6599,345545.1319,815.821875
872909.0027,15898.88476,320493.6599,345545.1319,815.821875
873577.9302,15898.88476,320493.6599,345545.1319,815.821875
874245.7138,15898.88476,320493.6599,345545.1319,815.821875
874912.3517,15898.88476,320493.6599,345545.1319,815.821875
875578.4286,15898.88476,320493.6599,345545.1319,815.821875
876473.4183,15898.88476,320493.6599,345545.1319,815.821875
877420.4363,15898.88476,320493.6599,345545.1319,815.821875
878379.417,15898.88476,320493.6599,345545.1319,815.821875
879346.0469,15898.88476,320493.6599,345545.1319,815.821875
880318.0833,15898.88476,320493.6599,345545.1319,815.821875
881293.7588,15898.88476,320493.6599,345545.1319,815.821875
882273.9269,15898.88476,320493.6599,345545.1319,815.821875
883787.5181,15898.88476,320493.6599,345545.1319,815.821875
884649.7598,15898.88476,320493.6599,345545.1319,815.821875
885588.6916,15898.88476,320493.6599,345545.1319,815.821875
886570.063,15898.88476,320493.6599,345545.1319,815.821875
887572.5852,15898.88476,320493.6599,345545.1319,815.821875
888584.3351,15898.88476,320493.6599,345545.1319,815.821875
889600.2098,15898.88476,320493.6599,345545.1319,815.821875
890642.1663,15898.88476,320493.6599,345545.1319,815.821875
891627.3325,15898.88476,320493.6599,345545.1319,815.821875
892673.5654,15898.88476,320493.6599,345545.1319,815.821875
893702.6421,15898.88476,320493.6599,345545.1319,815.821875
894737.4425,15898.88476,320493.6599,345545.1319,815.821875
895777.6764,15898.88476,320493.6599,345545.1319,815.821875
896821.5294,15898.88476,320493.6599,345545.1319,815.821875
897869.2664,15898.88476,320493.6599,345545.1319,815.821875
898920.3959,15898.88476,320493.6599,345545.1319,815.821875
899976.6652,15898.88476,320493.6599,345545.1319,815.821875
901036.5892,15898.88476,320493.6599,345545.1319,815.821875
902099.5123,15898.88476,320493.6599,345545.1319,815.821875
903166.4338,15898.88476,320493.6599,345545.1319,815.821875
904238.9483,15898.88476,320493.6599,345545.1319,815.821875
905315.3904,15898.88476,320493.6599,345545.1319,815.821875
906394.8448,15898.88476,320493.6599,345545.1319,815.821875
901322.922,27558.06691,330991.9783,359587.7329,1414.09125
900811.3675,27558.06691,330991.9783,359587.7329,1414.09125
900528.9895,27558.06691,330991.9783,359587.7329,1414.09125
900264.4097,27558.06691,330991.9783,359587.7329,1414.09125
900012.859,27558.06691,330991.9783,359587.7329,1414.09125
899775.7404,27558.06691,330991.9783,359587.7329,1414.09125
899524.7548,27558.06691,330991.9783,359587.7329,1414.09125
899281.7582,27558.06691,330991.9783,359587.7329,1414.09125
898722.3389,27558.06691,330991.9783,359587.7329,1414.09125
898301.1212,27558.06691,330991.9783,359587.7329,1414.09125
897806.7071,27558.06691,330991.9783,359587.7329,1414.09125
897342.944,27558.06691,330991.9783,359587.7329,1414.09125
896875.6225,27558.06691,330991.9783,359587.7329,1414.09125
896429.9665,27558.06691,330991.9783,359587.7329,1414.09125
896180.0443,27558.06691,330991.9783,359587.7329,1414.09125
895997.6494,27558.06691,330991.9783,359587.7329,1414.09125
895827.1061,27558.06691,330991.9783,359587.7329,1414.09125
895640.7496,27558.06691,330991.9783,359587.7329,1414.09125
895480.613,27558.06691,330991.9783,359587.7329,1414.09125
895313.094,27558.06691,330991.9783,359587.7329,1414.09125
895133.0189,27558.06691,330991.9783,359587.7329,1414.09125
894963.5482,27558.06691,330991.9783,359587.7329,1414.09125
894806.4249,27558.06691,330991.9783,359587.7329,1414.09125
894657.6173,27558.06691,330991.9783,359587.7329,1414.09125
894520.817,27558.06691,330991.9783,359587.7329,1414.09125
894383.1598,27558.06691,330991.9783,359587.7329,1414.09125
894257.9453,27558.06691,330991.9783,359587.7329,1414.09125
894130.0988,27558.06691,330991.9783,359587.7329,1414.09125
894018.2011,27558.06691,330991.9783,359587.7329,1414.09125
893945.3966,27558.06691,330991.9783,359587.7329,1414.09125
893423.1833,27558.06691,330991.9783,359587.7329,1414.09125
892866.5318,27558.06691,330991.9783,359587.7329,1414.09125
892314.1102,27558.06691,330991.9783,359587.7329,1414.09125
891730.4009,27558.06691,330991.9783,359587.7329,1414.09125
891126.2619,27558.06691,330991.9783,359587.7329,1414.09125
890536.2676,27558.06691,330991.9783,359587.7329,1414.09125
889901.7004,27558.06691,330991.9783,359587.7329,1414.09125
889302.5656,27558.06691,330991.9783,359587.7329,1414.09125
888714.2018,27558.06691,330991.9783,359587.7329,1414.09125
888339.9294,27558.06691,330991.9783,359587.7329,1414.09125
887698.1474,27558.06691,330991.9783,359587.7329,1414.09125
887088.3795,27558.06691,330991.9783,359587.7329,1414.09125
886490.6916,27558.06691,330991.9783,359587.7329,1414.09125
885894.2067,27558.06691,330991.9783,359587.7329,1414.09125
885269.1458,27558.06691,330991.9783,359587.7329,1414.09125
884639.9815,27558.06691,330991.9783,359587.7329,1414.09125
884019.4361,27558.06691,330991.9783,359587.7329,1414.09125
883377.0793,27558.06691,330991.9783,359587.7329,1414.09125
882731.8139,27558.06691,330991.9783,359587.7329,1414.09125
882061.628,27558.06691,330991.9783,359587.7329,1414.09125
881411.6769,27558.06691,330991.9783,359587.7329,1414.09125
880702.5518,27558.06691,330991.9783,359587.7329,1414.09125
880012.8129,27558.06691,330991.9783,359587.7329,1414.09125
879524.5255,27558.06691,330991.9783,359587.7329,1414.09125
879078.6015,27558.06691,330991.9783,359587.7329,1414.09125
878639.8987,27558.06691,330991.9783,359587.7329,1414.09125
878203.2233,27558.06691,330991.9783,359587.7329,1414.09125
877779.0693,27558.06691,330991.9783,359587.7329,1414.09125
877346.0276,27558.06691,330991.9783,359587.7329,1414.09125
876928.2998,27558.06691,330991.9783,359587.7329,1414.09125
858279.4226,59355.83643,367439.9865,424247.643,3045.735
858793.1538,59355.83643,367439.9865,424247.643,3045.735
859951.0507,59355.83643,367439.9865,424247.643,3045.735
861182.7117,59355.83643,367439.9865,424247.643,3045.735
862469.3613,59355.83643,367439.9865,424247.643,3045.735
863787.3469,59355.83643,367439.9865,424247.643,3045.735
865143.1407,59355.83643,367439.9865,424247.643,3045.735
866023.767,59355.83643,367439.9865,424247.643,3045.735
867469.1006,59355.83643,367439.9865,424247.643,3045.735
868872.2509,59355.83643,367439.9865,424247.643,3045.735
870290.9213,59355.83643,367439.9865,424247.643,3045.735
871728.2703,59355.83643,367439.9865,424247.643,3045.735
873178.541,59355.83643,367439.9865,424247.643,3045.735
874647.6267,59355.83643,367439.9865,424247.643,3045.735
876125.3973,59355.83643,367439.9865,424247.643,3045.735
877638.9327,59355.83643,367439.9865,424247.643,3045.735
879154.2825,59355.83643,367439.9865,424247.643,3045.735
880689.027,59355.83643,367439.9865,424247.643,3045.735
882256.3235,59355.83643,367439.9865,424247.643,3045.735
883835.789,59355.83643,367439.9865,424247.643,3045.735
885449.8582,59355.83643,367439.9865,424247.643,3045.735
887111.0981,59355.83643,367439.9865,424247.643,3045.735
888795.2515,59355.83643,367439.9865,424247.643,3045.735
890515.0868,59355.83643,367439.9865,424247.643,3045.735
892274.8162,59355.83643,367439.9865,424247.643,3045.735
903842.5145,59355.83643,367439.9865,424247.643,3045.735
905294.4161,59355.83643,367439.9865,424247.643,3045.735
906556.4362,59355.83643,367439.9865,424247.643,3045.735
907856.881,59355.83643,367439.9865,424247.643,3045.735
909158.1292,59355.83643,367439.9865,424247.643,3045.735
910465.5914,59355.83643,367439.9865,424247.643,3045.735
911770.9576,59355.83643,367439.9865,424247.643,3045.735
913053.4756,59355.83643,367439.9865,424247.643,3045.735
914335.3588,59355.83643,367439.9865,424247.643,3045.735
915607.3157,59355.83643,367439.9865,424247.643,3045.735
916829.8111,59355.83643,367439.9865,424247.643,3045.735
917897.6142,59355.83643,367439.9865,424247.643,3045.735
918918.1705,59355.83643,367439.9865,424247.643,3045.735
919946.8993,59355.83643,367439.9865,424247.643,3045.735
920969.7546,59355.83643,367439.9865,424247.643,3045.735
921994.3325,59355.83643,367439.9865,424247.643,3045.735
923022.4451,59355.83643,367439.9865,424247.643,3045.735
924205.6477,59355.83643,367439.9865,424247.643,3045.735
925499.7824,59355.83643,367439.9865,424247.643,3045.735
926792.7861,59355.83643,367439.9865,424247.643,3045.735
928123.9033,59355.83643,367439.9865,424247.643,3045.735
929397.7627,59355.83643,367439.9865,424247.643,3045.735
930726.3303,59355.83643,367439.9865,424247.643,3045.735
932048.8142,59355.83643,367439.9865,424247.643,3045.735
933355.6505,59355.83643,367439.9865,424247.643,3045.735
934665.9384,59355.83643,367439.9865,424247.643,3045.735
935987.5202,59355.83643,367439.9865,424247.643,3045.735
937297.5425,59355.83643,367439.9865,424247.643,3045.735
938603.0019,59355.83643,367439.9865,424247.643,3045.735
939936.9601,59355.83643,367439.9865,424247.643,3045.735
941251.2296,59355.83643,367439.9865,424247.643,3045.735
942575.0639,59355.83643,367439.9865,424247.643,3045.735
943907.052,59355.83643,367439.9865,424247.643,3045.735
945236.6294,59355.83643,367439.9865,424247.643,3045.735
947719.9289,59355.83643,367439.9865,424247.643,3045.735
904063.7788,82674.20074,418101.1028,540462.1353,4242.27375
903183.2949,82674.20074,418101.1028,540462.1353,4242.27375
902953.3634,82674.20074,418101.1028,540462.1353,4242.27375
902793.4702,82674.20074,418101.1028,540462.1353,4242.27375
902673.3598,82674.20074,418101.1028,540462.1353,4242.27375
902599.0392,82674.20074,418101.1028,540462.1353,4242.27375
902532.3206,82674.20074,418101.1028,540462.1353,4242.27375
902462.8599,82674.20074,418101.1028,540462.1353,4242.27375
902423.7893,82674.20074,418101.1028,540462.1353,4242.27375
902410.5477,82674.20074,418101.1028,540462.1353,4242.27375
902379.9848,82674.20074,418101.1028,540462.1353,4242.27375
902385.8072,82674.20074,418101.1028,540462.1353,4242.27375
902401.0645,82674.20074,418101.1028,540462.1353,4242.27375
902397.0957,82674.20074,418101.1028,540462.1353,4242.27375
902401.9026,82674.20074,418101.1028,540462.1353,4242.27375
902413.4444,82674.20074,418101.1028,540462.1353,4242.27375
902438.0757,82674.20074,418101.1028,540462.1353,4242.27375
902462.1719,82674.20074,418101.1028,540462.1353,4242.27375
902490.7642,82674.20074,418101.1028,540462.1353,4242.27375
902521.6523,82674.20074,418101.1028,540462.1353,4242.27375
902554.5863,82674.20074,418101.1028,540462.1353,4242.27375
902616.0004,82674.20074,418101.1028,540462.1353,4242.27375
902661.2384,82674.20074,418101.1028,540462.1353,4242.27375
902708.4098,82674.20074,418101.1028,540462.1353,4242.27375
902791.7726,82674.20074,418101.1028,540462.1353,4242.27375
902863.0426,82674.20074,418101.1028,540462.1353,4242.27375
902925.174,82674.20074,418101.1028,540462.1353,4242.27375
902987.572,82674.20074,418101.1028,540462.1353,4242.27375
903074.0279,82674.20074,418101.1028,540462.1353,4242.27375
903144.3135,82674.20074,418101.1028,540462.1353,4242.27375
903079.8177,82674.20074,418101.1028,540462.1353,4242.27375
903065.643,82674.20074,418101.1028,540462.1353,4242.27375
903070.1795,82674.20074,418101.1028,540462.1353,4242.27375
903084.4644,82674.20074,418101.1028,540462.1353,4242.27375
903094.9959,82674.20074,418101.1028,540462.1353,4242.27375
903096.1988,82674.20074,418101.1028,540462.1353,4242.27375
903101.8716,82674.20074,418101.1028,540462.1353,4242.27375
903109.6599,82674.20074,418101.1028,540462.1353,4242.27375
903131.7959,82674.20074,418101.1028,540462.1353,4242.27375
903151.1371,82674.20074,418101.1028,540462.1353,4242.27375
903174.2405,82674.20074,418101.1028,540462.1353,4242.27375
903205.2385,82674.20074,418101.1028,540462.1353,4242.27375
903241.5277,82674.20074,418101.1028,540462.1353,4242.27375
903281.6473,82674.20074,418101.1028,540462.1353,4242.27375
903325.6765,82674.20074,418101.1028,540462.1353,4242.27375
903368.7782,82674.20074,418101.1028,540462.1353,4242.27375
903426.9028,82674.20074,418101.1028,540462.1353,4242.27375
903489.1336,82674.20074,418101.1028,540462.1353,4242.27375
903552.6993,82674.20074,418101.1028,540462.1353,4242.27375
903500.8631,82674.20074,418101.1028,540462.1353,4242.27375
903306.5982,82674.20074,418101.1028,540462.1353,4242.27375
903107.5105,82674.20074,418101.1028,540462.1353,4242.27375
902919.5911,82674.20074,418101.1028,540462.1353,4242.27375
902734.9092,82674.20074,418101.1028,540462.1353,4242.27375
902559.7123,82674.20074,418101.1028,540462.1353,4242.27375
902402.1169,82674.20074,418101.1028,540462.1353,4242.27375
902451.4563,82674.20074,418101.1028,540462.1353,4242.27375
902578.2005,82674.20074,418101.1028,540462.1353,4242.27375
902711.9085,82674.20074,418101.1028,540462.1353,4242.27375
902851.9095,82674.20074,418101.1028,540462.1353,4242.27375
867620.3045,111292.1933,442651.0167,500412.4235,37030.75312
866069.424,111292.1933,442651.0167,500412.4235,37030.75312
864853.8284,111292.1933,442651.0167,500412.4235,37030.75312
863612.4981,111292.1933,442651.0167,500412.4235,37030.75312
862444.1257,111292.1933,442651.0167,500412.4235,37030.75312
861262.2768,111292.1933,442651.0167,500412.4235,37030.75312
860090.4177,111292.1933,442651.0167,500412.4235,37030.75312
858900.41,111292.1933,442651.0167,500412.4235,37030.75312
857710.3648,111292.1933,442651.0167,500412.4235,37030.75312
856587.509,111292.1933,442651.0167,500412.4235,37030.75312
855469.0693,111292.1933,442651.0167,500412.4235,37030.75312
854355.0847,111292.1933,442651.0167,500412.4235,37030.75312
853243.9385,111292.1933,442651.0167,500412.4235,37030.75312
852122.9621,111292.1933,442651.0167,500412.4235,37030.75312
851015.2619,111292.1933,442651.0167,500412.4235,37030.75312
849907.279,111292.1933,442651.0167,500412.4235,37030.75312
848808.9882,111292.1933,442651.0167,500412.4235,37030.75312
847715.9265,111292.1933,442651.0167,500412.4235,37030.75312
846622.9814,111292.1933,442651.0167,500412.4235,37030.75312
845542.3072,111292.1933,442651.0167,500412.4235,37030.75312
844442.66,111292.1933,442651.0167,500412.4235,37030.75312
843339.3253,111292.1933,442651.0167,500412.4235,37030.75312
842256.9438,111292.1933,442651.0167,500412.4235,37030.75312
841152.7527,111292.1933,442651.0167,500412.4235,37030.75312
840067.7427,111292.1933,442651.0167,500412.4235,37030.75312
839003.599,111292.1933,442651.0167,500412.4235,37030.75312
837929.4332,111292.1933,442651.0167,500412.4235,37030.75312
836856.0917,111292.1933,442651.0167,500412.4235,37030.75312
835791.1403,111292.1933,442651.0167,500412.4235,37030.75312
834771.0415,111292.1933,442651.0167,500412.4235,37030.75312
833646.7634,111292.1933,442651.0167,500412.4235,37030.75312
832498.4207,111292.1933,442651.0167,500412.4235,37030.75312
831362.294,111292.1933,442651.0167,500412.4235,37030.75312
830207.0672,111292.1933,442651.0167,500412.4235,37030.75312
829097.5772,111292.1933,442651.0167,500412.4235,37030.75312
827956.2375,111292.1933,442651.0167,500412.4235,37030.75312
826815.8942,111292.1933,442651.0167,500412.4235,37030.75312
825684.7073,111292.1933,442651.0167,500412.4235,37030.75312
824549.0892,111292.1933,442651.0167,500412.4235,37030.75312
823404.1479,111292.1933,442651.0167,500412.4235,37030.75312
822272.0913,111292.1933,442651.0167,500412.4235,37030.75312
821142.6515,111292.1933,442651.0167,500412.4235,37030.75312
820014.1503,111292.1933,442651.0167,500412.4235,37030.75312
818892.8951,111292.1933,442651.0167,500412.4235,37030.75312
817766.0059,111292.1933,442651.0167,500412.4235,37030.75312
816641.1192,111292.1933,442651.0167,500412.4235,37030.75312
815518.6233,111292.1933,442651.0167,500412.4235,37030.75312
814397.2841,111292.1933,442651.0167,500412.4235,37030.75312
813276.6074,111292.1933,442651.0167,500412.4235,37030.75312
812164.1881,111292.1933,442651.0167,500412.4235,37030.75312
811047.1474,111292.1933,442651.0167,500412.4235,37030.75312
809834.5556,111292.1933,442651.0167,500412.4235,37030.75312
808451.2569,111292.1933,442651.0167,500412.4235,37030.75312
807067.1648,111292.1933,442651.0167,500412.4235,37030.75312
805684.6823,111292.1933,442651.0167,500412.4235,37030.75312
804303.3053,111292.1933,442651.0167,500412.4235,37030.75312
802923.9557,111292.1933,442651.0167,500412.4235,37030.75312
801547.8145,111292.1933,442651.0167,500412.4235,37030.75312
800325.0589,111292.1933,442651.0167,500412.4235,37030.75312
799222.994,111292.1933,442651.0167,500412.4235,37030.75312
803884.1304,123336.803,452664.7974,409241.6079,37648.8
803505.5518,123336.803,452664.7974,409241.6079,37648.8
803064.1787,123336.803,452664.7974,409241.6079,37648.8
802616.2196,123336.803,452664.7974,409241.6079,37648.8
802165.4363,123336.803,452664.7974,409241.6079,37648.8
801713.939,123336.803,452664.7974,409241.6079,37648.8
801262.9512,123336.803,452664.7974,409241.6079,37648.8
800811.765,123336.803,452664.7974,409241.6079,37648.8
800360.3166,123336.803,452664.7974,409241.6079,37648.8
799909.6643,123336.803,452664.7974,409241.6079,37648.8
799459.4039,123336.803,452664.7974,409241.6079,37648.8
799009.4298,123336.803,452664.7974,409241.6079,37648.8
798561.0384,123336.803,452664.7974,409241.6079,37648.8
798113.1062,123336.803,452664.7974,409241.6079,37648.8
797666.5707,123336.803,452664.7974,409241.6079,37648.8
797219.7346,123336.803,452664.7974,409241.6079,37648.8
796774.7944,123336.803,452664.7974,409241.6079,37648.8
796330.7494,123336.803,452664.7974,409241.6079,37648.8
795888.0902,123336.803,452664.7974,409241.6079,37648.8
795445.3306,123336.803,452664.7974,409241.6079,37648.8
795003.6636,123336.803,452664.7974,409241.6079,37648.8
794563.3703,123336.803,452664.7974,409241.6079,37648.8
794124.7121,123336.803,452664.7974,409241.6079,37648.8
793686.0573,123336.803,452664.7974,409241.6079,37648.8
793248.3986,123336.803,452664.7974,409241.6079,37648.8
792811.4519,123336.803,452664.7974,409241.6079,37648.8
792376.0493,123336.803,452664.7974,409241.6079,37648.8
791941.5834,123336.803,452664.7974,409241.6079,37648.8
791507.6542,123336.803,452664.7974,409241.6079,37648.8
791074.8457,123336.803,452664.7974,409241.6079,37648.8
790642.7521,123336.803,452664.7974,409241.6079,37648.8
790211.8759,123336.803,452664.7974,409241.6079,37648.8
789781.7689,123336.803,452664.7974,409241.6079,37648.8
789352.7111,123336.803,452664.7974,409241.6079,37648.8
788924.3775,123336.803,452664.7974,409241.6079,37648.8
788496.529,123336.803,452664.7974,409241.6079,37648.8
788069.8003,123336.803,452664.7974,409241.6079,37648.8
787644.3309,123336.803,452664.7974,409241.6079,37648.8
787219.5305,123336.803,452664.7974,409241.6079,37648.8
786795.1834,123336.803,452664.7974,409241.6079,37648.8
786371.3163,123336.803,452664.7974,409241.6079,37648.8
785948.9671,123336.803,452664.7974,409241.6079,37648.8
785527.4723,123336.803,452664.7974,409241.6079,37648.8
785106.4564,123336.803,452664.7974,409241.6079,37648.8
784685.886,123336.803,452664.7974,409241.6079,37648.8
784266.1019,123336.803,452664.7974,409241.6079,37648.8
783847.5126,123336.803,452664.7974,409241.6079,37648.8
783429.5986,123336.803,452664.7974,409241.6079,37648.8
783012.1006,123336.803,452664.7974,409241.6079,37648.8
782595.3476,123336.803,452664.7974,409241.6079,37648.8
782179.1271,123336.803,452664.7974,409241.6079,37648.8
781676.4431,123336.803,452664.7974,409241.6079,37648.8
781001.0325,123336.803,452664.7974,409241.6079,37648.8
780321.7351,123336.803,452664.7974,409241.6079,37648.8
779643.0493,123336.803,452664.7974,409241.6079,37648.8
778964.906,123336.803,452664.7974,409241.6079,37648.8
778287.7953,123336.803,452664.7974,409241.6079,37648.8
777611.5574,123336.803,452664.7974,409241.6079,37648.8
777070.1849,123336.803,452664.7974,409241.6079,37648.8
776661.2558,123336.803,452664.7974,409241.6079,37648.8
781429.0002,123336.803,463701.4912,353224.2937,37648.8
781469.6106,123336.803,463701.4912,353224.2937,37648.8
781389.1849,123336.803,463701.4912,353224.2937,37648.8
781299.6064,123336.803,463701.4912,353224.2937,37648.8
781203.7595,123336.803,463701.4912,353224.2937,37648.8
781102.9804,123336.803,463701.4912,353224.2937,37648.8
780999.7762,123336.803,463701.4912,353224.2937,37648.8
780894.6668,123336.803,463701.4912,353224.2937,37648.8
780788.2499,123336.803,463701.4912,353224.2937,37648.8
780680.3011,123336.803,463701.4912,353224.2937,37648.8
780571.3302,123336.803,463701.4912,353224.2937,37648.8
780461.9226,123336.803,463701.4912,353224.2937,37648.8
780352.186,123336.803,463701.4912,353224.2937,37648.8
780241.5495,123336.803,463701.4912,353224.2937,37648.8
780130.4713,123336.803,463701.4912,353224.2937,37648.8
780019.2415,123336.803,463701.4912,353224.2937,37648.8
779908.0334,123336.803,463701.4912,353224.2937,37648.8
779796.2744,123336.803,463701.4912,353224.2937,37648.8
779684.2922,123336.803,463701.4912,353224.2937,37648.8
779572.3207,123336.803,463701.4912,353224.2937,37648.8
779460.4022,123336.803,463701.4912,353224.2937,37648.8
779348.1269,123336.803,463701.4912,353224.2937,37648.8
779235.7791,123336.803,463701.4912,353224.2937,37648.8
779123.532,123336.803,463701.4912,353224.2937,37648.8
779011.4132,123336.803,463701.4912,353224.2937,37648.8
778898.8795,123336.803,463701.4912,353224.2937,37648.8
778786.384,123336.803,463701.4912,353224.2937,37648.8
778674.0872,123336.803,463701.4912,353224.2937,37648.8
778561.96,123336.803,463701.4912,353224.2937,37648.8
778449.4386,123336.803,463701.4912,353224.2937,37648.8
778336.8681,123336.803,463701.4912,353224.2937,37648.8
778224.5819,123336.803,463701.4912,353224.2937,37648.8
778112.5227,123336.803,463701.4912,353224.2937,37648.8
778000.0686,123336.803,463701.4912,353224.2937,37648.8
777887.5911,123336.803,463701.4912,353224.2937,37648.8
777775.3026,123336.803,463701.4912,353224.2937,37648.8
777663.2923,123336.803,463701.4912,353224.2937,37648.8
777550.9177,123336.803,463701.4912,353224.2937,37648.8
777438.5169,123336.803,463701.4912,353224.2937,37648.8
777326.3067,123336.803,463701.4912,353224.2937,37648.8
777214.2928,123336.803,463701.4912,353224.2937,37648.8
777101.9382,123336.803,463701.4912,353224.2937,37648.8
776989.568,123336.803,463701.4912,353224.2937,37648.8
776877.3885,123336.803,463701.4912,353224.2937,37648.8
776765.4102,123336.803,463701.4912,353224.2937,37648.8
776652.9947,123336.803,463701.4912,353224.2937,37648.8
776540.586,123336.803,463701.4912,353224.2937,37648.8
776428.3751,123336.803,463701.4912,353224.2937,37648.8
776316.3565,123336.803,463701.4912,353224.2937,37648.8
776203.8854,123336.803,463701.4912,353224.2937,37648.8
776091.3471,123336.803,463701.4912,353224.2937,37648.8
775979.0195,123336.803,463701.4912,353224.2937,37648.8
775866.8908,123336.803,463701.4912,353224.2937,37648.8
775754.2787,123336.803,463701.4912,353224.2937,37648.8
775641.5819,123336.803,463701.4912,353224.2937,37648.8
775516.2485,123336.803,463701.4912,353224.2937,37648.8
775201.8333,123336.803,463701.4912,353224.2937,37648.8
774824.0135,123336.803,463701.4912,353224.2937,37648.8
774446.0594,123336.803,463701.4912,353224.2937,37648.8
774068.1871,123336.803,463701.4912,353224.2937,37648.8
774671.4596,93273.45725,455948.8868,321908.8192,36106.155
774707.9047,93273.45725,455948.8868,321908.8192,36106.155
774355.7961,93273.45725,455948.8868,321908.8192,36106.155
774167.7357,93273.45725,455948.8868,321908.8192,36106.155
773977.6537,93273.45725,455948.8868,321908.8192,36106.155
773767.6505,93273.45725,455948.8868,321908.8192,36106.155
773545.7068,93273.45725,455948.8868,321908.8192,36106.155
773314.9968,93273.45725,455948.8868,321908.8192,36106.155
773078.4662,93273.45725,455948.8868,321908.8192,36106.155
772834.6196,93273.45725,455948.8868,321908.8192,36106.155
772585.6488,93273.45725,455948.8868,321908.8192,36106.155
772332.378,93273.45725,455948.8868,321908.8192,36106.155
772076.2525,93273.45725,455948.8868,321908.8192,36106.155
771815.2016,93273.45725,455948.8868,321908.8192,36106.155
771551.2816,93273.45725,455948.8868,321908.8192,36106.155
771285.857,93273.45725,455948.8868,321908.8192,36106.155
771017.9247,93273.45725,455948.8868,321908.8192,36106.155
770746.0002,93273.45725,455948.8868,321908.8192,36106.155
770472.1853,93273.45725,455948.8868,321908.8192,36106.155
770197.4141,93273.45725,455948.8868,321908.8192,36106.155
769921.8877,93273.45725,455948.8868,321908.8192,36106.155
769642.5652,93273.45725,455948.8868,321908.8192,36106.155
769361.3836,93273.45725,455948.8868,321908.8192,36106.155
769079.676,93273.45725,455948.8868,321908.8192,36106.155
768797.5877,93273.45725,455948.8868,321908.8192,36106.155
768513.0775,93273.45725,455948.8868,321908.8192,36106.155
768226.5592,93273.45725,455948.8868,321908.8192,36106.155
767939.4281,93273.45725,455948.8868,321908.8192,36106.155
767652.0493,93273.45725,455948.8868,321908.8192,36106.155
767362.5943,93273.45725,455948.8868,321908.8192,36106.155
767072.3139,93273.45725,455948.8868,321908.8192,36106.155
766781.0387,93273.45725,455948.8868,321908.8192,36106.155
766489.3558,93273.45725,455948.8868,321908.8192,36106.155
766195.8618,93273.45725,455948.8868,321908.8192,36106.155
765901.6357,93273.45725,455948.8868,321908.8192,36106.155
765607.4047,93273.45725,455948.8868,321908.8192,36106.155
765312.4387,93273.45725,455948.8868,321908.8192,36106.155
765015.4802,93273.45725,455948.8868,321908.8192,36106.155
764717.9223,93273.45725,455948.8868,321908.8192,36106.155
764717.5125,93273.45725,455948.8868,321908.8192,36106.155
764380.7225,93273.45725,455948.8868,321908.8192,36106.155
764076.5362,93273.45725,455948.8868,321908.8192,36106.155
763773.7125,93273.45725,455948.8868,321908.8192,36106.155
763471.0496,93273.45725,455948.8868,321908.8192,36106.155
763168.568,93273.45725,455948.8868,321908.8192,36106.155
762864.7692,93273.45725,455948.8868,321908.8192,36106.155
762559.8461,93273.45725,455948.8868,321908.8192,36106.155
762254.8361,93273.45725,455948.8868,321908.8192,36106.155
761950.0546,93273.45725,455948.8868,321908.8192,36106.155
761643.9595,93273.45725,455948.8868,321908.8192,36106.155
761337.483,93273.45725,455948.8868,321908.8192,36106.155
761030.5144,93273.45725,455948.8868,321908.8192,36106.155
760723.4174,93273.45725,455948.8868,321908.8192,36106.155
760415.0371,93273.45725,455948.8868,321908.8192,36106.155
760106.2774,93273.45725,455948.8868,321908.8192,36106.155
759797.6283,93273.45725,455948.8868,321908.8192,36106.155
759488.4961,93273.45725,455948.8868,321908.8192,36106.155
759177.8881,93273.45725,455948.8868,321908.8192,36106.155
758866.8639,93273.45725,455948.8868,321908.8192,36106.155
758555.9705,93273.45725,455948.8868,321908.8192,36106.155
777890.4236,51936.35688,412286.6495,257380.8723,33985.01813
780171.6747,51936.35688,412286.6495,257380.8723,33985.01813
781690.443,51936.35688,412286.6495,257380.8723,33985.01813
783153.5508,51936.35688,412286.6495,257380.8723,33985.01813
784577.5594,51936.35688,412286.6495,257380.8723,33985.01813
785970.0111,51936.35688,412286.6495,257380.8723,33985.01813
787225.1475,51936.35688,412286.6495,257380.8723,33985.01813
788610.7835,51936.35688,412286.6495,257380.8723,33985.01813
789974.4089,51936.35688,412286.6495,257380.8723,33985.01813
791327.3706,51936.35688,412286.6495,257380.8723,33985.01813
792501.7538,51936.35688,412286.6495,257380.8723,33985.01813
793582.0074,51936.35688,412286.6495,257380.8723,33985.01813
794660.1398,51936.35688,412286.6495,257380.8723,33985.01813
795733.5327,51936.35688,412286.6495,257380.8723,33985.01813
796805.1707,51936.35688,412286.6495,257380.8723,33985.01813
797877.1775,51936.35688,412286.6495,257380.8723,33985.01813
799011.3267,51936.35688,412286.6495,257380.8723,33985.01813
800335.7757,51936.35688,412286.6495,257380.8723,33985.01813
801681.1105,51936.35688,412286.6495,257380.8723,33985.01813
803025.1705,51936.35688,412286.6495,257380.8723,33985.01813
804368.9401,51936.35688,412286.6495,257380.8723,33985.01813
805710.6308,51936.35688,412286.6495,257380.8723,33985.01813
807053.1412,51936.35688,412286.6495,257380.8723,33985.01813
808398.5028,51936.35688,412286.6495,257380.8723,33985.01813
809747.0243,51936.35688,412286.6495,257380.8723,33985.01813
811095.7681,51936.35688,412286.6495,257380.8723,33985.01813
812445.1845,51936.35688,412286.6495,257380.8723,33985.01813
813797.535,51936.35688,412286.6495,257380.8723,33985.01813
815153.5082,51936.35688,412286.6495,257380.8723,33985.01813
816510.5724,51936.35688,412286.6495,257380.8723,33985.01813
817871.8419,51936.35688,412286.6495,257380.8723,33985.01813
819235.0935,51936.35688,412286.6495,257380.8723,33985.01813
820601.5351,51936.35688,412286.6495,257380.8723,33985.01813
821969.8643,51936.35688,412286.6495,257380.8723,33985.01813
823341.7298,51936.35688,412286.6495,257380.8723,33985.01813
824718.3091,51936.35688,412286.6495,257380.8723,33985.01813
826098.4593,51936.35688,412286.6495,257380.8723,33985.01813
827480.7403,51936.35688,412286.6495,257380.8723,33985.01813
828867.4699,51936.35688,412286.6495,257380.8723,33985.01813
830259.8467,51936.35688,412286.6495,257380.8723,33985.01813
831658.0912,51936.35688,412286.6495,257380.8723,33985.01813
833058.9956,51936.35688,412286.6495,257380.8723,33985.01813
834465.1507,51936.35688,412286.6495,257380.8723,33985.01813
835878.2242,51936.35688,412286.6495,257380.8723,33985.01813
837298.7518,51936.35688,412286.6495,257380.8723,33985.01813
838725.1795,51936.35688,412286.6495,257380.8723,33985.01813
840158.043,51936.35688,412286.6495,257380.8723,33985.01813
841599.6018,51936.35688,412286.6495,257380.8723,33985.01813
843051.1331,51936.35688,412286.6495,257380.8723,33985.01813
844511.4581,51936.35688,412286.6495,257380.8723,33985.01813
845982.835,51936.35688,412286.6495,257380.8723,33985.01813
847465.9622,51936.35688,412286.6495,257380.8723,33985.01813
848962.833,51936.35688,412286.6495,257380.8723,33985.01813
850117.645,51936.35688,412286.6495,257380.8723,33985.01813
851789.6075,51936.35688,412286.6495,257380.8723,33985.01813
853373.0492,51936.35688,412286.6495,257380.8723,33985.01813
854989.8921,51936.35688,412286.6495,257380.8723,33985.01813
856635.4216,51936.35688,412286.6495,257380.8723,33985.01813
858317.8281,51936.35688,412286.6495,257380.8723,33985.01813
860054.0188,51936.35688,412286.6495,257380.8723,33985.01813
876737.0819,21198.51301,375515.6161,182057.661,32407.7625
877984.5666,21198.51301,375515.6161,182057.661,32407.7625
878628.4758,21198.51301,375515.6161,182057.661,32407.7625
879248.9419,21198.51301,375515.6161,182057.661,32407.7625
879852.0435,21198.51301,375515.6161,182057.661,32407.7625
880441.7883,21198.51301,375515.6161,182057.661,32407.7625
881028.7181,21198.51301,375515.6161,182057.661,32407.7625
881617.0861,21198.51301,375515.6161,182057.661,32407.7625
882210.5354,21198.51301,375515.6161,182057.661,32407.7625
882805.8612,21198.51301,375515.6161,182057.661,32407.7625
883405.5474,21198.51301,375515.6161,182057.661,32407.7625
884009.6991,21198.51301,375515.6161,182057.661,32407.7625
884619.9959,21198.51301,375515.6161,182057.661,32407.7625
885232.9694,21198.51301,375515.6161,182057.661,32407.7625
885851.0685,21198.51301,375515.6161,182057.661,32407.7625
886945.8952,21198.51301,375515.6161,182057.661,32407.7625
887474.7611,21198.51301,375515.6161,182057.661,32407.7625
888111.7446,21198.51301,375515.6161,182057.661,32407.7625
888749.4371,21198.51301,375515.6161,182057.661,32407.7625
889391.2698,21198.51301,375515.6161,182057.661,32407.7625
890037.1451,21198.51301,375515.6161,182057.661,32407.7625
890682.4418,21198.51301,375515.6161,182057.661,32407.7625
891329.8189,21198.51301,375515.6161,182057.661,32407.7625
891981.0581,21198.51301,375515.6161,182057.661,32407.7625
892636.1895,21198.51301,375515.6161,182057.661,32407.7625
893292.3885,21198.51301,375515.6161,182057.661,32407.7625
893949.7225,21198.51301,375515.6161,182057.661,32407.7625
894610.0966,21198.51301,375515.6161,182057.661,32407.7625
895273.953,21198.51301,375515.6161,182057.661,32407.7625
895938.9478,21198.51301,375515.6161,182057.661,32407.7625
896606.547,21198.51301,375515.6161,182057.661,32407.7625
897276.0368,21198.51301,375515.6161,182057.661,32407.7625
897948.2935,21198.51301,375515.6161,182057.661,32407.7625
898621.7475,21198.51301,375515.6161,182057.661,32407.7625
899297.5755,21198.51301,375515.6161,182057.661,32407.7625
899976.5776,21198.51301,375515.6161,182057.661,32407.7625
900657.4614,21198.51301,375515.6161,182057.661,32407.7625
901338.9603,21198.51301,375515.6161,182057.661,32407.7625
902021.3085,21198.51301,375515.6161,182057.661,32407.7625
902707.3926,21198.51301,375515.6161,182057.661,32407.7625
903396.9599,21198.51301,375515.6161,182057.661,32407.7625
904086.5212,21198.51301,375515.6161,182057.661,32407.7625
904777.8749,21198.51301,375515.6161,182057.661,32407.7625
905472.0406,21198.51301,375515.6161,182057.661,32407.7625
906169.0454,21198.51301,375515.6161,182057.661,32407.7625
906867.3492,21198.51301,375515.6161,182057.661,32407.7625
907566.6695,21198.51301,375515.6161,182057.661,32407.7625
908268.2527,21198.51301,375515.6161,182057.661,32407.7625
908972.5525,21198.51301,375515.6161,182057.661,32407.7625
909678.0749,21198.51301,375515.6161,182057.661,32407.7625
910385.6888,21198.51301,375515.6161,182057.661,32407.7625
911094.8888,21198.51301,375515.6161,182057.661,32407.7625
911806.1913,21198.51301,375515.6161,182057.661,32407.7625
912518.7546,21198.51301,375515.6161,182057.661,32407.7625
913233.3674,21198.51301,375515.6161,182057.661,32407.7625
913950.3956,21198.51301,375515.6161,182057.661,32407.7625
914662.6728,21198.51301,375515.6161,182057.661,32407.7625
915384.8432,21198.51301,375515.6161,182057.661,32407.7625
916102.1489,21198.51301,375515.6161,182057.661,32407.7625
916741.902,21198.51301,375515.6161,182057.661,32407.7625
